<?xml version="1.0" encoding="UTF-8"?>
<!DOCTYPE plist PUBLIC "-//Apple//DTD PLIST 1.0//EN" "http://www.apple.com/DTDs/PropertyList-1.0.dtd">
<plist version="1.0">
<dict>
	<key>baseStyle</key>
	<dict>
		<key>font-family</key>
		<string>Lucida Grande</string>
		<key>font-size</key>
		<real>10</real>
	</dict>
	<key>columnTitleStyle</key>
	<dict>
		<key>font-size</key>
		<real>11</real>
		<key>font-weight</key>
		<integer>9</integer>
		<key>paragraph-alignment</key>
		<string>center</string>
	</dict>
	<key>cost</key>
	<real>0.0</real>
	<key>currencyStyle</key>
	<string>$1,234.56</string>
	<key>displayDates</key>
	<true/>
	<key>displayProperties</key>
	<array>
		<dict>
			<key>GanttGroupShading</key>
			<false/>
			<key>GanttVisibleRect</key>
			<string>{{-35, 0}, {777, 599}}</string>
			<key>OutlineVisibleRect</key>
			<string>{{0, 0}, {639, 599}}</string>
			<key>ScaleWidths</key>
			<dict>
				<key>Automatic</key>
				<real>100</real>
				<key>Day</key>
				<real>405</real>
				<key>Hour</key>
				<real>21960</real>
				<key>Minute</key>
				<real>21600</real>
				<key>Month</key>
				<real>11.5</real>
				<key>Quarter</key>
				<real>3.2000000476837158</real>
				<key>Week</key>
				<real>54</real>
				<key>Year</key>
				<real>0.78749996423721313</real>
			</dict>
			<key>SelectedPlanView</key>
			<integer>1</integer>
			<key>SelectedScale</key>
			<string>Month</string>
			<key>SelectedView</key>
			<integer>0</integer>
			<key>SheetSettings</key>
			<dict>
				<key>LevelConstrainsCompletionDate</key>
				<false/>
				<key>LevelUpdatesSelectedTasks</key>
				<false/>
				<key>RescheduleUpdatesSelectedTasks</key>
				<false/>
			</dict>
			<key>ShouldDrawFolded</key>
			<true/>
			<key>ShowConstraints</key>
			<true/>
			<key>ShowCriticalPath</key>
			<false/>
			<key>ShowDependencyLines</key>
			<true/>
			<key>ShowGanttTimeOff</key>
			<false/>
			<key>activeColumnIdentifiers</key>
			<array>
				<string>Violations</string>
				<string>Notes</string>
				<string>Title</string>
				<string>Effort</string>
				<string>Start</string>
				<string>End</string>
			</array>
			<key>calendarController</key>
			<dict>
				<key>OutlineVisibleRect</key>
				<string>{{0, 0}, {270, 412}}</string>
				<key>activeColumnIdentifiers</key>
				<array>
					<string>IM</string>
					<string>Notes</string>
					<string>Type</string>
					<string>Resource</string>
					<string>Custom Work Week</string>
					<string>Schedule Exception</string>
				</array>
				<key>columnWidths</key>
				<dict>
					<key>IM</key>
					<real>20</real>
					<key>Notes</key>
					<real>20</real>
					<key>Resource</key>
					<real>135</real>
					<key>Type</key>
					<real>48</real>
				</dict>
			</dict>
			<key>calendarSplit</key>
			<real>0.8339160680770874</real>
			<key>columnWidths</key>
			<dict>
				<key>Effort</key>
				<real>70</real>
				<key>Notes</key>
				<real>20</real>
				<key>Title</key>
				<real>329</real>
				<key>Violations</key>
				<real>20</real>
			</dict>
			<key>dayWidth</key>
			<real>11.5</real>
			<key>resourceSplit</key>
			<real>0.82342654466629028</real>
			<key>resourcesController</key>
			<dict>
				<key>DayWidth</key>
				<real>25</real>
				<key>OutlineVisibleRect</key>
				<string>{{0, 0}, {288, 599}}</string>
				<key>ScaleWidths</key>
				<dict>
					<key>Automatic</key>
					<real>25</real>
					<key>Day</key>
					<real>405</real>
					<key>Hour</key>
					<real>21960</real>
					<key>Minute</key>
					<real>21600</real>
					<key>Month</key>
					<real>11.5</real>
					<key>Quarter</key>
					<real>3.2000000476837158</real>
					<key>Week</key>
					<real>54</real>
					<key>Year</key>
					<real>0.78749996423721313</real>
				</dict>
				<key>SelectedScale</key>
				<string>Automatic</string>
				<key>TimelineVisibleRect</key>
				<string>{{-120, 0}, {1370, 599}}</string>
				<key>activeColumnIdentifiers</key>
				<array>
					<string>IM</string>
					<string>Notes</string>
					<string>Type</string>
					<string>Resource</string>
					<string>#</string>
				</array>
				<key>columnWidths</key>
				<dict>
					<key>#</key>
					<real>75</real>
					<key>IM</key>
					<real>20</real>
					<key>Notes</key>
					<real>20</real>
					<key>Resource</key>
					<real>119</real>
					<key>Type</key>
					<real>48</real>
				</dict>
			</dict>
			<key>side</key>
			<real>0.55345910787582397</real>
			<key>window</key>
			<string>{{1557, 465}, {1440, 733}}</string>
		</dict>
	</array>
	<key>displaySeconds</key>
	<false/>
	<key>displayStatusCompletion</key>
	<true/>
	<key>displayStatusCost</key>
	<true/>
	<key>displayStatusEndDate</key>
	<true/>
	<key>displayStatusStartDate</key>
	<true/>
	<key>displayStatusTitle</key>
	<true/>
	<key>displayTimes</key>
	<true/>
	<key>endDate</key>
	<string>20150128 09:15</string>
	<key>flatNumbering</key>
	<false/>
	<key>groupTaskStyle</key>
	<dict>
		<key>font-weight</key>
		<integer>9</integer>
	</dict>
	<key>notEditableStyle</key>
	<dict>
		<key>font-fill</key>
		<dict>
			<key>w</key>
			<string>0.334677</string>
		</dict>
	</dict>
	<key>noteStyle</key>
	<dict>
		<key>font-family</key>
		<string>Helvetica</string>
		<key>font-fill</key>
		<dict>
			<key>w</key>
			<string>0.334677</string>
		</dict>
		<key>font-italic</key>
		<true/>
	</dict>
	<key>objectId</key>
	<integer>0</integer>
	<key>projectUserKeys</key>
	<array/>
	<key>resourceDifferenceEngine</key>
	<dict>
		<key>nextId</key>
		<integer>1</integer>
	</dict>
	<key>resourceUserKeys</key>
	<array/>
	<key>resources</key>
	<array>
		<dict>
			<key>available</key>
			<real>0.0</real>
			<key>objectId</key>
			<integer>-1</integer>
			<key>type</key>
			<integer>3</integer>
		</dict>
	</array>
	<key>schedule</key>
	<dict>
		<key>friday</key>
		<dict>
			<key>spans</key>
			<array>
				<dict>
					<key>endTime</key>
					<real>43200</real>
					<key>startTime</key>
					<real>28800</real>
				</dict>
				<dict>
					<key>endTime</key>
					<real>61200</real>
					<key>startTime</key>
					<real>46800</real>
				</dict>
			</array>
		</dict>
		<key>monday</key>
		<dict>
			<key>spans</key>
			<array>
				<dict>
					<key>endTime</key>
					<real>43200</real>
					<key>startTime</key>
					<real>28800</real>
				</dict>
				<dict>
					<key>endTime</key>
					<real>61200</real>
					<key>startTime</key>
					<real>46800</real>
				</dict>
			</array>
		</dict>
		<key>saturday</key>
		<dict/>
		<key>sunday</key>
		<dict/>
		<key>thursday</key>
		<dict>
			<key>spans</key>
			<array>
				<dict>
					<key>endTime</key>
					<real>43200</real>
					<key>startTime</key>
					<real>28800</real>
				</dict>
				<dict>
					<key>endTime</key>
					<real>61200</real>
					<key>startTime</key>
					<real>46800</real>
				</dict>
			</array>
		</dict>
		<key>tuesday</key>
		<dict>
			<key>spans</key>
			<array>
				<dict>
					<key>endTime</key>
					<real>43200</real>
					<key>startTime</key>
					<real>28800</real>
				</dict>
				<dict>
					<key>endTime</key>
					<real>61200</real>
					<key>startTime</key>
					<real>46800</real>
				</dict>
			</array>
		</dict>
		<key>wednesday</key>
		<dict>
			<key>spans</key>
			<array>
				<dict>
					<key>endTime</key>
					<real>43200</real>
					<key>startTime</key>
					<real>28800</real>
				</dict>
				<dict>
					<key>endTime</key>
					<real>61200</real>
					<key>startTime</key>
					<real>46800</real>
				</dict>
			</array>
		</dict>
	</dict>
	<key>scheduleGranularity</key>
	<integer>0</integer>
	<key>sharedFormatter</key>
	<dict>
		<key>displayDays</key>
		<true/>
		<key>displayHours</key>
		<true/>
		<key>displayMinutes</key>
		<false/>
		<key>displayMonths</key>
		<false/>
		<key>displaySeconds</key>
		<false/>
		<key>displayWeeks</key>
		<true/>
		<key>displayYears</key>
		<false/>
		<key>hoursPerDay</key>
		<real>8</real>
		<key>hoursPerMonth</key>
		<real>160</real>
		<key>hoursPerWeek</key>
		<real>40</real>
		<key>hoursPerYear</key>
		<real>1920</real>
	</dict>
	<key>startDate</key>
	<string>20141204 08:00</string>
	<key>taskBarLabels</key>
	<dict>
		<key>Gantt View</key>
		<dict>
			<key>taskTypeGroup</key>
			<dict>
				<key>OPGanttLeftTextKey</key>
				<string></string>
				<key>OPGanttOverTextKey</key>
				<string></string>
				<key>OPGanttRightTextKey</key>
				<string>Assigned</string>
			</dict>
			<key>taskTypeMilestone</key>
			<dict>
				<key>OPGanttLeftTextKey</key>
				<string></string>
				<key>OPGanttOverTextKey</key>
				<string></string>
				<key>OPGanttRightTextKey</key>
				<string>Assigned</string>
			</dict>
			<key>taskTypeTask</key>
			<dict>
				<key>OPGanttLeftTextKey</key>
				<string></string>
				<key>OPGanttOverTextKey</key>
				<string></string>
				<key>OPGanttRightTextKey</key>
				<string>Assigned</string>
			</dict>
		</dict>
		<key>Timeline View</key>
		<dict>
			<key>taskTypeGroup</key>
			<dict>
				<key>OPGanttLeftTextKey</key>
				<string>Title</string>
				<key>OPGanttOverTextKey</key>
				<string></string>
				<key>OPGanttRightTextKey</key>
				<string></string>
			</dict>
			<key>taskTypeMilestone</key>
			<dict>
				<key>OPGanttLeftTextKey</key>
				<string>Title</string>
				<key>OPGanttOverTextKey</key>
				<string></string>
				<key>OPGanttRightTextKey</key>
				<string>Assigned</string>
			</dict>
			<key>taskTypeTask</key>
			<dict>
				<key>OPGanttLeftTextKey</key>
				<string>Title</string>
				<key>OPGanttOverTextKey</key>
				<string></string>
				<key>OPGanttRightTextKey</key>
				<string></string>
			</dict>
		</dict>
	</dict>
	<key>taskDifferenceEngine</key>
	<dict>
		<key>nextId</key>
		<integer>23</integer>
	</dict>
	<key>taskUserKeys</key>
	<array/>
	<key>tasks</key>
	<array>
		<dict>
			<key>children</key>
			<array>
				<integer>1</integer>
				<integer>9</integer>
				<integer>14</integer>
			</array>
			<key>objectId</key>
			<integer>-1</integer>
		</dict>
		<dict>
			<key>children</key>
			<array>
				<integer>2</integer>
				<integer>3</integer>
				<integer>17</integer>
				<integer>4</integer>
			</array>
			<key>objectId</key>
			<integer>1</integer>
			<key>task</key>
			<string>Website project</string>
		</dict>
		<dict>
			<key>children</key>
			<array>
				<integer>7</integer>
				<integer>16</integer>
			</array>
			<key>objectId</key>
			<integer>2</integer>
			<key>task</key>
			<string>Taxonomy</string>
		</dict>
		<dict>
			<key>children</key>
			<array>
				<integer>21</integer>
			</array>
			<key>objectId</key>
			<integer>3</integer>
			<key>task</key>
			<string>Design</string>
		</dict>
		<dict>
			<key>children</key>
			<array>
				<integer>5</integer>
				<integer>6</integer>
				<integer>8</integer>
			</array>
			<key>objectId</key>
			<integer>4</integer>
			<key>task</key>
			<string>Admin</string>
		</dict>
		<dict>
			<key>effort</key>
			<real>28800</real>
			<key>objectId</key>
			<integer>5</integer>
			<key>task</key>
			<string>Budget</string>
			<key>workSeconds</key>
			<real>28800</real>
			<key>workTime</key>
			<real>8</real>
		</dict>
		<dict>
			<key>effort</key>
			<real>0.0</real>
			<key>forcedStart</key>
			<string>20150128091500</string>
			<key>objectId</key>
			<integer>6</integer>
			<key>task</key>
			<string>Presentation</string>
		</dict>
		<dict>
			<key>effort</key>
			<real>28800</real>
			<key>objectId</key>
			<integer>7</integer>
			<key>task</key>
			<string>Sharepoint project</string>
			<key>workSeconds</key>
			<real>28800</real>
			<key>workTime</key>
			<real>8</real>
		</dict>
		<dict>
			<key>effort</key>
			<real>28800</real>
			<key>objectId</key>
			<integer>8</integer>
			<key>task</key>
			<string>Task 2</string>
			<key>workSeconds</key>
			<real>28800</real>
			<key>workTime</key>
			<real>8</real>
		</dict>
		<dict>
			<key>children</key>
			<array>
				<integer>10</integer>
				<integer>11</integer>
				<integer>12</integer>
				<integer>13</integer>
			</array>
			<key>objectId</key>
			<integer>9</integer>
			<key>task</key>
			<string>Creative Technologies</string>
		</dict>
		<dict>
			<key>effort</key>
			<real>28800</real>
			<key>objectId</key>
			<integer>10</integer>
			<key>task</key>
			<string>Feb 2</string>
			<key>workSeconds</key>
			<real>28800</real>
			<key>workTime</key>
			<real>8</real>
		</dict>
		<dict>
			<key>effort</key>
			<real>28800</real>
			<key>objectId</key>
			<integer>11</integer>
			<key>task</key>
			<string>Videos</string>
			<key>workSeconds</key>
			<real>28800</real>
			<key>workTime</key>
			<real>8</real>
		</dict>
		<dict>
			<key>effort</key>
			<real>28800</real>
			<key>objectId</key>
			<integer>12</integer>
			<key>task</key>
			<string>Website</string>
			<key>workSeconds</key>
			<real>28800</real>
			<key>workTime</key>
			<real>8</real>
		</dict>
		<dict>
			<key>effort</key>
			<real>28800</real>
			<key>objectId</key>
			<integer>13</integer>
			<key>task</key>
			<string>Blogging</string>
			<key>workSeconds</key>
			<real>28800</real>
			<key>workTime</key>
			<real>8</real>
		</dict>
		<dict>
			<key>children</key>
			<array>
				<integer>15</integer>
			</array>
			<key>objectId</key>
			<integer>14</integer>
			<key>task</key>
			<string>CES</string>
		</dict>
		<dict>
			<key>effort</key>
			<real>28800</real>
			<key>objectId</key>
			<integer>15</integer>
			<key>task</key>
			<string>Appnation Panel</string>
			<key>workSeconds</key>
			<real>28800</real>
			<key>workTime</key>
			<real>8</real>
		</dict>
		<dict>
			<key>effort</key>
			<real>28800</real>
			<key>objectId</key>
			<integer>16</integer>
			<key>task</key>
			<string>Terms in Filemaker</string>
			<key>workSeconds</key>
			<real>28800</real>
			<key>workTime</key>
			<real>8</real>
		</dict>
		<dict>
			<key>children</key>
			<array>
				<integer>18</integer>
				<integer>19</integer>
				<integer>20</integer>
			</array>
			<key>objectId</key>
			<integer>17</integer>
			<key>task</key>
			<string>Feature and functionality map</string>
		</dict>
		<dict>
			<key>effort</key>
			<real>28800</real>
			<key>objectId</key>
			<integer>18</integer>
			<key>task</key>
			<string>persona</string>
			<key>workSeconds</key>
			<real>28800</real>
			<key>workTime</key>
			<real>8</real>
		</dict>
		<dict>
			<key>effort</key>
			<real>28800</real>
			<key>objectId</key>
			<integer>19</integer>
			<key>task</key>
			<string>existing site</string>
			<key>workSeconds</key>
			<real>28800</real>
			<key>workTime</key>
			<real>8</real>
		</dict>
		<dict>
			<key>effort</key>
			<real>28800</real>
			<key>objectId</key>
			<integer>20</integer>
			<key>task</key>
			<string>Task 1</string>
			<key>workSeconds</key>
			<real>28800</real>
			<key>workTime</key>
			<real>8</real>
		</dict>
		<dict>
			<key>children</key>
			<array>
				<integer>22</integer>
			</array>
			<key>objectId</key>
			<integer>21</integer>
			<key>task</key>
			<string>Start book outline</string>
		</dict>
		<dict>
			<key>effort</key>
			<real>28800</real>
			<key>objectId</key>
			<integer>22</integer>
			<key>task</key>
			<string>Styles</string>
			<key>workSeconds</key>
			<real>28800</real>
			<key>workTime</key>
			<real>8</real>
		</dict>
	</array>
	<key>topResources</key>
	<array>
		<integer>-1</integer>
	</array>
	<key>topTasks</key>
	<array>
		<integer>-1</integer>
	</array>
	<key>uuid</key>
	<string>05DE79AB-163D-40F9-844F-FDECE6479177</string>
	<key>version</key>
	<integer>2</integer>
</dict>
</plist>
